type,x,y,z,horizontalAccuracy,verticalAccuracy,timeStamp,timeStampTick
World,388966.284924406,804986.770169991,17.4164864679303,0.012,0.022,16/10/2023 3:50:02 a.m.,638330250020000000
World,388966.242255579,804986.759840843,17.4248530670947,0.013,0.023,16/10/2023 3:50:03 a.m.,638330250030000000
World,388966.224136963,804986.732128878,17.4221464255299,0.015,0.026,16/10/2023 3:50:04 a.m.,638330250040000000
World,388966.227837053,804986.763219407,17.5008635786263,0.014,0.026,16/10/2023 3:50:05 a.m.,638330250050000000
World,388966.219551515,804986.748356169,17.4599838289353,0.011,0.019,16/10/2023 3:50:06 a.m.,638330250060000000
World,388966.219057104,804986.748034018,17.4571781616156,0.012,0.021,16/10/2023 3:50:07 a.m.,638330250070000000
World,388966.224137766,804986.74387509,17.4475683012517,0.012,0.021,16/10/2023 3:50:08 a.m.,638330250080000000
World,388966.219291551,804986.743359383,17.4522595827691,0.013,0.023,16/10/2023 3:50:09 a.m.,638330250090000000
World,388965.882948107,804986.87606378,17.5735892048735,0.012,0.021,16/10/2023 3:50:10 a.m.,638330250100000000
World,388965.093553552,804987.232114031,17.6466206553415,0.016,0.026,16/10/2023 3:50:11 a.m.,638330250110000000
World,388964.075159324,804987.887528465,17.687223557634,0.015,0.024,16/10/2023 3:50:12 a.m.,638330250120000000
World,388962.92803409,804988.668821511,17.6085014359548,0.015,0.025,16/10/2023 3:50:13 a.m.,638330250130000000
World,388961.747794142,804989.448203919,17.5728239270836,0.019,0.034,16/10/2023 3:50:14 a.m.,638330250140000000
World,388960.493675633,804990.09956979,17.5616755293357,0.019,0.034,16/10/2023 3:50:15 a.m.,638330250150000000
World,388959.309719505,804990.683057784,17.6276279021818,0.019,0.034,16/10/2023 3:50:16 a.m.,638330250160000000
World,388958.070935943,804991.119427613,17.6171297154782,0.019,0.034,16/10/2023 3:50:17 a.m.,638330250170000000
World,388956.758126699,804991.455010372,17.5699596173366,0.016,0.029,16/10/2023 3:50:18 a.m.,638330250180000000
World,388955.492475501,804991.768134098,17.5648331194547,0.017,0.03,16/10/2023 3:50:19 a.m.,638330250190000000
World,388954.218896654,804992.107283635,17.6117782587855,0.015,0.028,16/10/2023 3:50:20 a.m.,638330250200000000
World,388952.901657102,804992.358653665,17.6400387797558,0.016,0.029,16/10/2023 3:50:21 a.m.,638330250210000000
World,388951.632396141,804992.654432028,17.681263138321,0.013,0.023,16/10/2023 3:50:22 a.m.,638330250220000000
World,388950.302076195,804992.841698359,17.6669244705975,0.014,0.024,16/10/2023 3:50:23 a.m.,638330250230000000
World,388948.990014767,804993.033409831,17.6367647024532,0.012,0.02,16/10/2023 3:50:24 a.m.,638330250240000000
World,388947.63186117,804993.24019664,17.6437380333862,0.012,0.022,16/10/2023 3:50:25 a.m.,638330250250000000
World,388946.312107345,804993.412650558,17.6569080637153,0.013,0.023,16/10/2023 3:50:26 a.m.,638330250260000000
World,388945.051115872,804993.588697595,17.6633059340887,0.012,0.02,16/10/2023 3:50:27 a.m.,638330250270000000
World,388943.91322102,804993.669355477,17.7179132165717,0.01,0.017,16/10/2023 3:50:28 a.m.,638330250280000000
World,388942.714471909,804993.829713693,17.6911501408052,0.01,0.018,16/10/2023 3:50:29 a.m.,638330250290000000
World,388941.435430232,804994.034024032,17.7171551412243,0.01,0.016,16/10/2023 3:50:30 a.m.,638330250300000000
World,388940.074008195,804994.195172779,17.6967316327947,0.01,0.018,16/10/2023 3:50:31 a.m.,638330250310000000
World,388938.730035225,804994.300565023,17.7134174106076,0.009,0.016,16/10/2023 3:50:32 a.m.,638330250320000000
World,388937.430614433,804994.398108644,17.7404933999505,0.01,0.017,16/10/2023 3:50:33 a.m.,638330250330000000
World,388936.218022862,804994.523322564,17.7654684148074,0.009,0.016,16/10/2023 3:50:34 a.m.,638330250340000000
World,388935.365578961,804994.886378585,17.7620859311923,0.01,0.017,16/10/2023 3:50:35 a.m.,638330250350000000
World,388935.114327748,804995.035824508,17.7040569255351,0.009,0.016,16/10/2023 3:50:36 a.m.,638330250360000000
World,388935.068271109,804995.064918118,17.7028126086551,0.009,0.016,16/10/2023 3:50:37 a.m.,638330250370000000
World,388935.063367179,804995.06590078,17.6873075809937,0.009,0.015,16/10/2023 3:50:38 a.m.,638330250380000000
World,388935.065671496,804995.062406561,17.6882721970802,0.01,0.016,16/10/2023 3:50:39 a.m.,638330250390000000
World,388935.058533347,804995.050248106,17.6891369997563,0.009,0.015,16/10/2023 3:50:40 a.m.,638330250400000000
World,388935.060543728,804995.049989564,17.6861036034034,0.009,0.015,16/10/2023 3:50:41 a.m.,638330250410000000
World,388935.055841589,804995.047619546,17.6972625981716,0.007,0.012,16/10/2023 3:50:42 a.m.,638330250420000000
World,388935.031795277,804995.074742257,17.70566389597,0.008,0.013,16/10/2023 3:50:43 a.m.,638330250430000000
World,388935.028836651,804995.078064312,17.7021968363344,0.007,0.012,16/10/2023 3:50:44 a.m.,638330250440000000
World,388935.025592311,804995.071796793,17.7067851483715,0.008,0.013,16/10/2023 3:50:45 a.m.,638330250450000000
World,388935.029991364,804995.072494527,17.7121564897557,0.008,0.013,16/10/2023 3:50:46 a.m.,638330250460000000
World,388935.026390697,804995.075498641,17.709662413309,0.008,0.014,16/10/2023 3:50:47 a.m.,638330250470000000
World,388935.035545057,804995.078462926,17.7152328643017,0.008,0.013,16/10/2023 3:50:48 a.m.,638330250480000000
World,388935.034129872,804995.078596657,17.7182790658622,0.008,0.014,16/10/2023 3:50:49 a.m.,638330250490000000
World,388935.035957617,804995.078547772,17.7195308370514,0.008,0.013,16/10/2023 3:50:50 a.m.,638330250500000000
World,388935.039689672,804995.086252438,17.7187761470142,0.008,0.014,16/10/2023 3:50:51 a.m.,638330250510000000
World,388935.041243645,804995.079629672,17.7264660446924,0.008,0.013,16/10/2023 3:50:52 a.m.,638330250520000000
World,388935.037021252,804995.085641756,17.722057392274,0.008,0.014,16/10/2023 3:50:53 a.m.,638330250530000000
World,388934.54325464,804995.049589085,17.7758478809616,0.008,0.013,16/10/2023 3:50:54 a.m.,638330250540000000
World,388933.288468548,804994.967894327,17.8382409555742,0.008,0.014,16/10/2023 3:50:55 a.m.,638330250550000000
World,388931.871131189,804994.914284241,17.8549847342895,0.008,0.014,16/10/2023 3:50:56 a.m.,638330250560000000
World,388930.502211268,804994.979985482,17.8868564020794,0.009,0.015,16/10/2023 3:50:57 a.m.,638330250570000000
World,388929.145562894,804995.055736181,17.9218773326319,0.009,0.016,16/10/2023 3:50:58 a.m.,638330250580000000
World,388927.84057861,804995.07038711,17.9501514048792,0.01,0.017,16/10/2023 3:50:59 a.m.,638330250590000000
World,388926.533570367,804995.15982447,17.8893157529181,0.009,0.016,16/10/2023 3:51:00 a.m.,638330250600000000
World,388925.428903696,804995.269132989,17.8985327343681,0.01,0.016,16/10/2023 3:51:01 a.m.,638330250610000000
World,388924.249493012,804995.400659792,17.9070150085565,0.009,0.015,16/10/2023 3:51:02 a.m.,638330250620000000
World,388923.010501063,804995.479295534,17.9499487668893,0.01,0.016,16/10/2023 3:51:03 a.m.,638330250630000000
World,388921.749268409,804995.519372421,17.9565630169169,0.009,0.015,16/10/2023 3:51:04 a.m.,638330250640000000
World,388920.479073799,804995.54703645,17.9502786561435,0.01,0.016,16/10/2023 3:51:05 a.m.,638330250650000000
World,388919.216228449,804995.606051756,17.9681121635381,0.009,0.015,16/10/2023 3:51:06 a.m.,638330250660000000
World,388917.930218803,804995.674387647,17.9828737638179,0.01,0.016,16/10/2023 3:51:07 a.m.,638330250670000000
World,388916.663353578,804995.756705323,18.0507780387666,0.009,0.015,16/10/2023 3:51:08 a.m.,638330250680000000
World,388915.683994989,804995.969206481,17.9699246092467,0.01,0.016,16/10/2023 3:51:09 a.m.,638330250690000000
World,388915.194247428,804996.103537264,17.8881342455377,0.009,0.016,16/10/2023 3:51:10 a.m.,638330250700000000
World,388915.161389046,804996.140490313,17.8420102405122,0.01,0.017,16/10/2023 3:51:11 a.m.,638330250710000000
World,388915.170528569,804996.1465544,17.8488098550427,0.009,0.015,16/10/2023 3:51:12 a.m.,638330250720000000
World,388915.172501918,804996.148237543,17.8414326555644,0.01,0.016,16/10/2023 3:51:13 a.m.,638330250730000000
World,388915.14253162,804996.136202131,17.8395635325207,0.009,0.014,16/10/2023 3:51:14 a.m.,638330250740000000
World,388915.091591911,804996.13205804,17.859242171297,0.009,0.015,16/10/2023 3:51:15 a.m.,638330250750000000
World,388915.082535537,804996.133105213,17.8616660013051,0.007,0.012,16/10/2023 3:51:16 a.m.,638330250760000000
World,388915.084077615,804996.131794752,17.8599942879688,0.008,0.014,16/10/2023 3:51:17 a.m.,638330250770000000
World,388915.094780597,804996.138870595,17.8492761277118,0.008,0.014,16/10/2023 3:51:18 a.m.,638330250780000000
World,388915.091674262,804996.142773375,17.8458397082835,0.009,0.014,16/10/2023 3:51:19 a.m.,638330250790000000
World,388915.08063172,804996.13044571,17.8578551854991,0.008,0.013,16/10/2023 3:51:20 a.m.,638330250800000000
World,388915.076423233,804996.123673921,17.8601728089466,0.008,0.014,16/10/2023 3:51:21 a.m.,638330250810000000
World,388915.075891978,804996.127084439,17.8556333923411,0.008,0.013,16/10/2023 3:51:22 a.m.,638330250820000000
World,388914.999118076,804996.164365876,17.889910210035,0.008,0.014,16/10/2023 3:51:23 a.m.,638330250830000000
World,388914.155603018,804996.165246275,18.0303415911849,0.008,0.014,16/10/2023 3:51:24 a.m.,638330250840000000
World,388912.948410944,804996.190658081,18.0506102378655,0.008,0.014,16/10/2023 3:51:25 a.m.,638330250850000000
World,388911.668945885,804996.195019946,18.0372458194925,0.008,0.013,16/10/2023 3:51:26 a.m.,638330250860000000
World,388910.412642972,804996.292016258,18.0345009335401,0.009,0.014,16/10/2023 3:51:27 a.m.,638330250870000000
World,388909.127513961,804996.361083881,18.0076480876177,0.009,0.015,16/10/2023 3:51:28 a.m.,638330250880000000
World,388907.854916219,804996.476226411,18.0621987880335,0.01,0.016,16/10/2023 3:51:29 a.m.,638330250890000000
World,388906.597563414,804996.806985005,18.1447140378158,0.009,0.015,16/10/2023 3:51:30 a.m.,638330250900000000
World,388905.453382722,804997.091147499,18.0893208196177,0.01,0.016,16/10/2023 3:51:31 a.m.,638330250910000000
World,388904.417814411,804997.202566244,18.1279302062747,0.009,0.015,16/10/2023 3:51:32 a.m.,638330250920000000
World,388903.313803057,804997.286284422,18.1423050020486,0.01,0.016,16/10/2023 3:51:33 a.m.,638330250930000000
World,388902.156996073,804997.376502754,18.1242742577407,0.009,0.014,16/10/2023 3:51:34 a.m.,638330250940000000
World,388900.958280402,804997.397980344,18.1065706932261,0.01,0.016,16/10/2023 3:51:35 a.m.,638330250950000000
World,388899.78170411,804997.317417705,18.135479133569,0.01,0.015,16/10/2023 3:51:36 a.m.,638330250960000000
World,388898.661088071,804997.196372791,18.1315693883998,0.01,0.016,16/10/2023 3:51:37 a.m.,638330250970000000
World,388897.500388245,804997.199115937,18.1228300453481,0.009,0.014,16/10/2023 3:51:38 a.m.,638330250980000000
World,388896.368674021,804997.220790294,18.1867935628392,0.01,0.016,16/10/2023 3:51:39 a.m.,638330250990000000
World,388895.507502972,804997.279707676,18.1766864449774,0.009,0.014,16/10/2023 3:51:40 a.m.,638330251000000000
World,388895.231862686,804997.231477765,18.1876776738185,0.01,0.016,16/10/2023 3:51:41 a.m.,638330251010000000
World,388895.210919463,804997.125506273,18.0664962027295,0.009,0.014,16/10/2023 3:51:42 a.m.,638330251020000000
World,388895.186595621,804997.084717137,17.9834169868013,0.009,0.015,16/10/2023 3:51:43 a.m.,638330251030000000
World,388895.191096418,804997.070828766,17.9863606477008,0.009,0.014,16/10/2023 3:51:44 a.m.,638330251040000000
World,388895.186532104,804997.07389406,17.9917708780972,0.009,0.015,16/10/2023 3:51:45 a.m.,638330251050000000
World,388895.182564467,804997.077476867,17.9869832546284,0.009,0.013,16/10/2023 3:51:46 a.m.,638330251060000000
World,388895.1670187,804997.059680492,17.9980430048224,0.009,0.014,16/10/2023 3:51:47 a.m.,638330251070000000
World,388895.139694638,804997.063448259,17.9998773221306,0.01,0.015,16/10/2023 3:51:48 a.m.,638330251080000000
World,388895.123723752,804997.048801784,17.9981398882017,0.008,0.013,16/10/2023 3:51:49 a.m.,638330251090000000
World,388895.122602546,804997.05158786,17.9954121219839,0.008,0.012,16/10/2023 3:51:50 a.m.,638330251100000000
World,388895.124501709,804997.05413016,18.0014220797646,0.008,0.013,16/10/2023 3:51:51 a.m.,638330251110000000
World,388895.125227685,804997.053804531,18.0137064991602,0.007,0.012,16/10/2023 3:51:52 a.m.,638330251120000000
World,388895.118829721,804997.051791012,18.0118895122825,0.008,0.013,16/10/2023 3:51:53 a.m.,638330251130000000
World,388895.114530637,804997.053017158,18.0057842392229,0.007,0.012,16/10/2023 3:51:54 a.m.,638330251140000000
World,388894.787737688,804997.158388458,18.1298423211429,0.008,0.013,16/10/2023 3:51:55 a.m.,638330251150000000
World,388893.619173815,804997.548688984,18.2494480916369,0.009,0.014,16/10/2023 3:51:56 a.m.,638330251160000000
World,388892.363386971,804997.81752114,18.1881379074457,0.008,0.014,16/10/2023 3:51:57 a.m.,638330251170000000
World,388891.03782513,804998.083997288,18.2124331306787,0.008,0.013,16/10/2023 3:51:58 a.m.,638330251180000000
World,388889.71985884,804998.303762463,18.2507121346947,0.008,0.014,16/10/2023 3:51:59 a.m.,638330251190000000
World,388888.296400246,804998.531207729,18.2301948047835,0.009,0.014,16/10/2023 3:52:00 a.m.,638330251200000000
World,388886.906627566,804998.710182576,18.2261193191962,0.009,0.015,16/10/2023 3:52:01 a.m.,638330251210000000
World,388885.458998004,804998.841195306,18.2712585669367,0.009,0.014,16/10/2023 3:52:02 a.m.,638330251220000000
World,388884.051696069,804998.921039773,18.2945724531014,0.009,0.015,16/10/2023 3:52:03 a.m.,638330251230000000
World,388882.69367141,804999.071638576,18.2515886598177,0.01,0.017,16/10/2023 3:52:04 a.m.,638330251240000000
World,388881.330761314,804999.249757324,18.2744362046416,0.01,0.015,16/10/2023 3:52:05 a.m.,638330251250000000
World,388879.947306296,804999.361456532,18.3252726135912,0.009,0.013,16/10/2023 3:52:06 a.m.,638330251260000000
World,388878.530740837,804999.38791728,18.3033252119039,0.01,0.015,16/10/2023 3:52:07 a.m.,638330251270000000
World,388877.124942705,804999.486862109,18.2734314443583,0.009,0.013,16/10/2023 3:52:08 a.m.,638330251280000000
World,388875.776896844,804999.530145952,18.3262549868675,0.01,0.015,16/10/2023 3:52:09 a.m.,638330251290000000
World,388874.383958762,804999.575468898,18.3426918087383,0.009,0.013,16/10/2023 3:52:10 a.m.,638330251300000000
World,388873.057288162,804999.681530281,18.3348087664491,0.009,0.014,16/10/2023 3:52:11 a.m.,638330251310000000
World,388871.731101938,804999.75634871,18.3013120206361,0.008,0.012,16/10/2023 3:52:12 a.m.,638330251320000000
World,388870.44273533,804999.808384594,18.3479996492453,0.009,0.014,16/10/2023 3:52:13 a.m.,638330251330000000
World,388869.168264609,804999.83269422,18.3305106724891,0.008,0.012,16/10/2023 3:52:14 a.m.,638330251340000000
World,388867.96628881,804999.983304966,18.3149946015029,0.009,0.014,16/10/2023 3:52:15 a.m.,638330251350000000
World,388866.769763636,805000.199576594,18.3612935389575,0.008,0.012,16/10/2023 3:52:16 a.m.,638330251360000000
World,388865.479398165,805000.351179956,18.3858773630011,0.009,0.014,16/10/2023 3:52:17 a.m.,638330251370000000
World,388864.233869335,805000.515593251,18.3864111945483,0.01,0.015,16/10/2023 3:52:18 a.m.,638330251380000000
World,388862.971485111,805000.734618049,18.3946441863237,0.01,0.014,16/10/2023 3:52:19 a.m.,638330251390000000
World,388861.774690999,805001.154222119,18.4174012619991,0.009,0.013,16/10/2023 3:52:20 a.m.,638330251400000000
World,388860.596411143,805001.551183358,18.3678227181887,0.01,0.014,16/10/2023 3:52:21 a.m.,638330251410000000
World,388859.498619838,805001.759852012,18.3840335994445,0.01,0.015,16/10/2023 3:52:22 a.m.,638330251420000000
World,388858.421025319,805002.004772059,18.3731760390514,0.01,0.014,16/10/2023 3:52:23 a.m.,638330251430000000
World,388857.404401024,805002.250660586,18.3225884132402,0.009,0.013,16/10/2023 3:52:24 a.m.,638330251440000000
World,388856.494482672,805002.319128053,18.2731222745422,0.01,0.014,16/10/2023 3:52:25 a.m.,638330251450000000
World,388856.188971273,805002.370841672,18.1413973244034,0.009,0.013,16/10/2023 3:52:26 a.m.,638330251460000000
World,388856.168688918,805002.343664247,18.0991949515705,0.01,0.014,16/10/2023 3:52:27 a.m.,638330251470000000
World,388856.177845397,805002.343964427,18.099785091184,0.011,0.016,16/10/2023 3:52:28 a.m.,638330251480000000
World,388856.149675975,805002.332884347,18.1289648082057,0.01,0.015,16/10/2023 3:52:29 a.m.,638330251490000000
World,388856.107042416,805002.319997725,18.1037238288656,0.01,0.014,16/10/2023 3:52:30 a.m.,638330251500000000
World,388856.100620397,805002.335768309,18.1139405937881,0.01,0.015,16/10/2023 3:52:31 a.m.,638330251510000000
World,388856.094658123,805002.344177783,18.1177182843471,0.008,0.012,16/10/2023 3:52:32 a.m.,638330251520000000
World,388856.094041889,805002.344859638,18.111614568799,0.008,0.013,16/10/2023 3:52:33 a.m.,638330251530000000
World,388856.094298759,805002.349877494,18.115006436704,0.008,0.013,16/10/2023 3:52:34 a.m.,638330251540000000
World,388856.08538276,805002.33143843,18.1349586039331,0.009,0.014,16/10/2023 3:52:35 a.m.,638330251550000000
World,388856.089469251,805002.335911129,18.1377702201357,0.008,0.013,16/10/2023 3:52:36 a.m.,638330251560000000
World,388856.087118495,805002.332937351,18.1305813251153,0.008,0.014,16/10/2023 3:52:37 a.m.,638330251570000000
World,388855.752000995,805002.502167238,18.2019457649171,0.009,0.015,16/10/2023 3:52:38 a.m.,638330251580000000
World,388854.892086253,805003.191094596,18.280598081767,0.01,0.016,16/10/2023 3:52:39 a.m.,638330251590000000
World,388854.080437974,805004.105595413,18.2597384639985,0.01,0.016,16/10/2023 3:52:40 a.m.,638330251600000000
World,388853.553044275,805005.25525485,18.2336634601861,0.009,0.015,16/10/2023 3:52:41 a.m.,638330251610000000
World,388853.300040141,805006.529209154,18.2214680473122,0.01,0.017,16/10/2023 3:52:42 a.m.,638330251620000000
World,388853.355208208,805007.961184718,18.2944297068004,0.011,0.02,16/10/2023 3:52:43 a.m.,638330251630000000
World,388853.734438388,805009.337008307,18.3181990609239,0.01,0.016,16/10/2023 3:52:44 a.m.,638330251640000000
World,388854.391165266,805010.571210462,18.3684088367886,0.011,0.018,16/10/2023 3:52:45 a.m.,638330251650000000
World,388855.156727842,805011.744908491,18.4092045324262,0.012,0.019,16/10/2023 3:52:46 a.m.,638330251660000000
World,388855.916163102,805012.970880301,18.468865731032,0.011,0.017,16/10/2023 3:52:47 a.m.,638330251670000000
World,388856.785158338,805014.116390876,18.4994209745662,0.012,0.019,16/10/2023 3:52:48 a.m.,638330251680000000
World,388857.505986635,805015.371557273,18.4913071967195,0.012,0.019,16/10/2023 3:52:49 a.m.,638330251690000000
World,388858.083262558,805016.671098228,18.4527645480412,0.01,0.015,16/10/2023 3:52:50 a.m.,638330251700000000
World,388858.607768315,805018.040134771,18.5019464687808,0.01,0.016,16/10/2023 3:52:51 a.m.,638330251710000000
World,388859.075304494,805019.372457051,18.538292918644,0.01,0.014,16/10/2023 3:52:52 a.m.,638330251720000000
World,388859.535864222,805020.807930563,18.5017367405397,0.011,0.016,16/10/2023 3:52:53 a.m.,638330251730000000
World,388859.594310256,805022.140636127,18.4667696788955,0.012,0.017,16/10/2023 3:52:54 a.m.,638330251740000000
World,388859.537234265,805023.459042829,18.3234818797711,0.026,0.031,16/10/2023 3:52:55 a.m.,638330251750000000
World,388859.872486771,805024.889204734,18.4728688621686,0.045,0.052,16/10/2023 3:52:56 a.m.,638330251760000000
World,388860.350583351,805026.240517155,18.2954814112841,0.06,0.079,16/10/2023 3:52:57 a.m.,638330251770000000
World,388861.171819937,805027.461693512,18.2119522035684,0.074,0.092,16/10/2023 3:52:58 a.m.,638330251780000000
World,388862.015558193,805028.344780271,18.1134962485108,0.096,0.147,16/10/2023 3:52:59 a.m.,638330251790000000
World,388862.601024204,805029.492661999,18.5450550804624,0.122,0.231,16/10/2023 3:53:00 a.m.,638330251800000000
World,388863.05947273,805030.66184053,18.4639169197335,0.158,0.268,16/10/2023 3:53:01 a.m.,638330251810000000
World,388863.516757084,805031.881408279,18.3790411448636,0.192,0.305,16/10/2023 3:53:02 a.m.,638330251820000000
World,388863.748648982,805033.197998596,18.2545322890432,0.244,0.36,16/10/2023 3:53:03 a.m.,638330251830000000
World,388864.083730035,805034.521490605,18.3850271188194,0.285,0.405,16/10/2023 3:53:04 a.m.,638330251840000000
World,388864.265055574,805035.641373566,18.3546968980921,0.315,0.435,16/10/2023 3:53:05 a.m.,638330251850000000
World,388864.539911402,805037.040641677,18.5628451947203,0.341,0.462,16/10/2023 3:53:06 a.m.,638330251860000000
World,388864.702876467,805038.353574041,18.3405495341643,0.365,0.49,16/10/2023 3:53:07 a.m.,638330251870000000
World,388865.064360426,805039.604209163,18.3891202289007,0.384,0.506,16/10/2023 3:53:08 a.m.,638330251880000000
World,388865.550521468,805040.844983611,18.2667044161995,0.405,0.534,16/10/2023 3:53:09 a.m.,638330251890000000
World,388866.163694664,805042.129600373,18.1501320631118,0.427,0.552,16/10/2023 3:53:10 a.m.,638330251900000000
World,388866.862960395,805043.25769525,18.1345070325894,0.452,0.579,16/10/2023 3:53:11 a.m.,638330251910000000
World,388867.41854582,805044.53219059,17.9994032909983,0.478,0.612,16/10/2023 3:53:12 a.m.,638330251920000000
World,388868.110054764,805045.747029179,17.9981253656183,0.512,0.637,16/10/2023 3:53:13 a.m.,638330251930000000
World,388868.739320781,805047.044682131,17.8080042269646,0.534,0.666,16/10/2023 3:53:14 a.m.,638330251940000000
World,388869.336503325,805048.165172025,17.7166249917959,0.559,0.696,16/10/2023 3:53:15 a.m.,638330251950000000
World,388869.961967822,805049.108143551,17.6822848474234,0.589,0.726,16/10/2023 3:53:16 a.m.,638330251960000000
World,388870.561867913,805049.938503287,17.8026880937761,0.623,0.761,16/10/2023 3:53:17 a.m.,638330251970000000
World,388870.755740351,805050.513125808,17.8814639599119,0.653,0.791,16/10/2023 3:53:18 a.m.,638330251980000000
World,388870.820287144,805050.876901251,17.9936646057334,0.665,0.806,16/10/2023 3:53:19 a.m.,638330251990000000
World,388870.832445019,805050.934471795,17.9865727435325,0.665,0.806,16/10/2023 3:53:20 a.m.,638330252000000000
World,388870.820592728,805050.957406995,17.9699357222243,0.665,0.806,16/10/2023 3:53:21 a.m.,638330252010000000
World,388870.819028754,805050.96516595,17.9589414800424,0.665,0.806,16/10/2023 3:53:22 a.m.,638330252020000000
World,388870.805345282,805051.119533113,17.9371776333321,0.668,0.809,16/10/2023 3:53:23 a.m.,638330252030000000
World,388870.809815361,805051.098089934,17.9147542258,0.671,0.814,16/10/2023 3:53:24 a.m.,638330252040000000
World,388870.860128703,805051.052013975,17.9352823798204,0.671,0.814,16/10/2023 3:53:25 a.m.,638330252050000000
World,388870.823466085,805051.013795594,17.9306987321057,0.672,0.814,16/10/2023 3:53:26 a.m.,638330252060000000
World,388870.827187449,805050.987777463,17.9195753205536,0.672,0.814,16/10/2023 3:53:27 a.m.,638330252070000000
World,388870.815204884,805050.984784077,17.9139792030431,0.672,0.814,16/10/2023 3:53:28 a.m.,638330252080000000
World,388870.817395128,805050.978159025,17.9123757393022,0.673,0.815,16/10/2023 3:53:29 a.m.,638330252090000000
World,388870.81954667,805050.980145366,17.9301384711874,0.673,0.816,16/10/2023 3:53:30 a.m.,638330252100000000
World,388870.824404141,805050.984543313,17.9198063122534,0.674,0.817,16/10/2023 3:53:31 a.m.,638330252110000000
World,388870.839139809,805051.016203682,17.9214475415609,0.674,0.817,16/10/2023 3:53:32 a.m.,638330252120000000
World,388871.591250756,805052.701351731,19.1704131638328,0.165,0.563,16/10/2023 3:53:33 a.m.,638330252130000000
World,388871.856865749,805052.956310974,19.077345013196,0.174,0.567,16/10/2023 3:53:34 a.m.,638330252140000000
World,388871.971578486,805053.14967982,19.0795539644154,0.16,0.553,16/10/2023 3:53:35 a.m.,638330252150000000
World,388871.942623983,805053.151157549,19.0020503058956,0.089,0.314,16/10/2023 3:53:36 a.m.,638330252160000000
World,388871.924103355,805053.179979127,18.9872634694984,0.092,0.317,16/10/2023 3:53:37 a.m.,638330252170000000
World,388871.976569557,805053.181818891,18.9827208763007,0.103,0.339,16/10/2023 3:53:38 a.m.,638330252180000000
World,388871.992744592,805053.205600223,18.9781020866193,0.103,0.34,16/10/2023 3:53:39 a.m.,638330252190000000
World,388872.007121559,805053.195104166,18.9767592276388,0.115,0.36,16/10/2023 3:53:40 a.m.,638330252200000000
World,388872.005182107,805053.196036983,18.9510357266371,0.116,0.361,16/10/2023 3:53:41 a.m.,638330252210000000
World,388872.021481819,805053.196619164,18.9683125399968,0.118,0.361,16/10/2023 3:53:42 a.m.,638330252220000000
World,388872.011751646,805053.200053037,18.9581527231264,0.118,0.362,16/10/2023 3:53:43 a.m.,638330252230000000
World,388872.019098421,805053.233926491,18.9905854480918,0.138,0.192,16/10/2023 3:53:44 a.m.,638330252240000000
World,388872.02128398,805053.229624212,18.9899742813514,0.138,0.193,16/10/2023 3:53:45 a.m.,638330252250000000
World,388872.014320664,805053.230142775,18.9883547075127,0.092,0.054,16/10/2023 3:53:46 a.m.,638330252260000000
World,388872.015569344,805053.235153754,18.9744643584213,0.092,0.055,16/10/2023 3:53:47 a.m.,638330252270000000
World,388872.051496616,805053.059569041,19.028443844084,0.053,0.042,16/10/2023 3:53:48 a.m.,638330252280000000
World,388872.136629574,805052.973641515,19.0693988617728,0.053,0.045,16/10/2023 3:53:49 a.m.,638330252290000000
World,388872.421485853,805053.066698635,18.9849316150922,0.059,0.053,16/10/2023 3:53:50 a.m.,638330252300000000
World,388872.639209928,805052.783441419,18.858103619166,0.046,0.069,16/10/2023 3:53:51 a.m.,638330252310000000
World,388872.912761654,805052.746467587,18.7985494866164,0.048,0.082,16/10/2023 3:53:52 a.m.,638330252320000000
World,388873.936476248,805053.093050901,18.580215752203,0.067,0.103,16/10/2023 3:53:53 a.m.,638330252330000000
World,388875.214569992,805053.435100288,18.5617710970453,0.088,0.124,16/10/2023 3:53:54 a.m.,638330252340000000
World,388876.458577391,805053.399168725,18.3824510673074,0.071,0.117,16/10/2023 3:53:55 a.m.,638330252350000000
World,388877.755545379,805053.490079897,18.4968877782349,0.069,0.115,16/10/2023 3:53:56 a.m.,638330252360000000
World,388879.084524779,805053.584840475,18.4681329461103,0.073,0.119,16/10/2023 3:53:57 a.m.,638330252370000000
World,388880.498367256,805053.588351342,18.3808198246477,0.07,0.117,16/10/2023 3:53:58 a.m.,638330252380000000
World,388881.899163316,805053.581139813,18.4057744925957,0.073,0.118,16/10/2023 3:53:59 a.m.,638330252390000000
World,388883.280652283,805053.602063749,18.4114480895263,0.074,0.119,16/10/2023 3:54:00 a.m.,638330252400000000
World,388884.679834424,805053.641786786,18.4300478415049,0.075,0.119,16/10/2023 3:54:01 a.m.,638330252410000000
World,388886.125002358,805053.739650533,18.4319363033894,0.076,0.12,16/10/2023 3:54:02 a.m.,638330252420000000
World,388887.695464909,805053.879186832,18.1507099754586,0.027,0.034,16/10/2023 3:54:03 a.m.,638330252430000000
World,388889.091641339,805053.928093128,18.1876870488274,0.02,0.026,16/10/2023 3:54:04 a.m.,638330252440000000
World,388890.542757074,805054.083150655,18.2902388055014,0.022,0.027,16/10/2023 3:54:05 a.m.,638330252450000000
World,388891.884092574,805054.285119341,18.240138652594,0.017,0.022,16/10/2023 3:54:06 a.m.,638330252460000000
World,388893.212308347,805054.571369316,18.2695909242229,0.018,0.023,16/10/2023 3:54:07 a.m.,638330252470000000
World,388894.582710882,805054.77028635,18.2568731771392,0.015,0.019,16/10/2023 3:54:08 a.m.,638330252480000000
World,388895.986897705,805055.024085737,18.171636680206,0.015,0.021,16/10/2023 3:54:09 a.m.,638330252490000000
World,388897.435011975,805055.213489846,18.1439855579901,0.012,0.017,16/10/2023 3:54:10 a.m.,638330252500000000
World,388898.830782487,805055.408412572,18.1752132537606,0.013,0.019,16/10/2023 3:54:11 a.m.,638330252510000000
World,388900.176886,805055.65947261,18.1641281861429,0.012,0.016,16/10/2023 3:54:12 a.m.,638330252520000000
World,388901.604215927,805055.921274791,18.1190613268916,0.012,0.017,16/10/2023 3:54:13 a.m.,638330252530000000
World,388902.998613312,805056.186649315,18.0753429678808,0.011,0.015,16/10/2023 3:54:14 a.m.,638330252540000000
World,388904.375132546,805056.371004922,18.073714394144,0.012,0.016,16/10/2023 3:54:15 a.m.,638330252550000000
World,388905.723833035,805056.561085396,18.1042854425642,0.01,0.014,16/10/2023 3:54:16 a.m.,638330252560000000
World,388907.084579684,805056.732056085,18.1243102181905,0.011,0.016,16/10/2023 3:54:17 a.m.,638330252570000000
World,388908.472205949,805056.950407771,18.06974212738,0.01,0.014,16/10/2023 3:54:18 a.m.,638330252580000000
World,388909.793197927,805057.106212914,18.0693808199986,0.01,0.015,16/10/2023 3:54:19 a.m.,638330252590000000
World,388911.202948497,805057.259585182,18.0149213946142,0.01,0.014,16/10/2023 3:54:20 a.m.,638330252600000000
World,388912.577581879,805057.490534126,18.010790044128,0.01,0.015,16/10/2023 3:54:21 a.m.,638330252610000000
World,388913.928416316,805057.584709154,18.047578722469,0.01,0.014,16/10/2023 3:54:22 a.m.,638330252620000000
World,388915.248772237,805057.673106172,18.0038774361032,0.011,0.016,16/10/2023 3:54:23 a.m.,638330252630000000
World,388916.586240459,805057.867148205,17.9789800741531,0.01,0.015,16/10/2023 3:54:24 a.m.,638330252640000000
World,388917.845025268,805057.981759261,18.0117383275901,0.011,0.017,16/10/2023 3:54:25 a.m.,638330252650000000
World,388919.076677599,805058.224853897,18.037908715964,0.01,0.015,16/10/2023 3:54:26 a.m.,638330252660000000
World,388920.398264196,805058.431991388,18.0120120330037,0.011,0.017,16/10/2023 3:54:27 a.m.,638330252670000000
World,388921.674191814,805058.506832216,17.9856248752422,0.009,0.014,16/10/2023 3:54:28 a.m.,638330252680000000
World,388922.862520032,805058.612461837,17.9906223000635,0.01,0.016,16/10/2023 3:54:29 a.m.,638330252690000000
World,388923.961891619,805058.79086647,18.0151517322922,0.009,0.014,16/10/2023 3:54:30 a.m.,638330252700000000
World,388925.041614904,805059.011861116,17.9530157477329,0.01,0.015,16/10/2023 3:54:31 a.m.,638330252710000000
World,388925.971265504,805059.067946559,18.0025732232133,0.009,0.013,16/10/2023 3:54:32 a.m.,638330252720000000
World,388926.85240501,805059.044693038,17.9741114783539,0.01,0.015,16/10/2023 3:54:33 a.m.,638330252730000000
World,388927.515392895,805058.988605755,17.9210633309496,0.009,0.013,16/10/2023 3:54:34 a.m.,638330252740000000
World,388927.743252078,805058.904341312,17.8508816947421,0.01,0.015,16/10/2023 3:54:35 a.m.,638330252750000000
World,388927.791139701,805058.956308035,17.8761528078117,0.009,0.013,16/10/2023 3:54:36 a.m.,638330252760000000
World,388928.018424549,805058.977339886,17.8492600157602,0.01,0.015,16/10/2023 3:54:37 a.m.,638330252770000000
World,388928.308143959,805058.584436796,17.8258402197692,0.009,0.013,16/10/2023 3:54:38 a.m.,638330252780000000
World,388928.639105771,805058.285312806,17.7459913785295,0.01,0.015,16/10/2023 3:54:39 a.m.,638330252790000000
World,388928.835813183,805058.259293957,17.6899701840143,0.008,0.011,16/10/2023 3:54:40 a.m.,638330252800000000
World,388928.845723602,805058.253228291,17.6895224980293,0.009,0.013,16/10/2023 3:54:41 a.m.,638330252810000000
World,388928.915404845,805058.314907942,17.7101692746587,0.009,0.013,16/10/2023 3:54:42 a.m.,638330252820000000
World,388929.340540477,805058.466700323,17.7637540578397,0.01,0.015,16/10/2023 3:54:43 a.m.,638330252830000000
World,388929.923126117,805058.782422564,17.7741312814291,0.009,0.013,16/10/2023 3:54:44 a.m.,638330252840000000
World,388930.477324472,805059.05040266,17.7920985903373,0.01,0.014,16/10/2023 3:54:45 a.m.,638330252850000000
World,388931.068730658,805059.452481924,17.8015813593849,0.008,0.011,16/10/2023 3:54:46 a.m.,638330252860000000
World,388931.488911431,805059.489648101,17.7897327754249,0.009,0.013,16/10/2023 3:54:47 a.m.,638330252870000000
World,388931.902943571,805058.694636971,17.7734129078683,0.009,0.013,16/10/2023 3:54:48 a.m.,638330252880000000
World,388932.291013029,805058.093555907,17.7467835565562,0.01,0.015,16/10/2023 3:54:49 a.m.,638330252890000000
World,388932.365858744,805058.087291843,17.6577608985594,0.01,0.013,16/10/2023 3:54:50 a.m.,638330252900000000
World,388932.360068415,805058.082999331,17.6570287020789,0.011,0.015,16/10/2023 3:54:51 a.m.,638330252910000000
World,388932.369147816,805058.076138183,17.6741800763982,0.009,0.013,16/10/2023 3:54:52 a.m.,638330252920000000
World,388932.370630021,805058.076901593,17.6720776303245,0.011,0.015,16/10/2023 3:54:53 a.m.,638330252930000000
World,388932.366779625,805058.077354807,17.6703838327492,0.01,0.015,16/10/2023 3:54:54 a.m.,638330252940000000
World,388932.365389699,805058.100585308,17.6724738172174,0.011,0.016,16/10/2023 3:54:55 a.m.,638330252950000000
World,388932.414435042,805058.112694449,17.6669848080016,0.011,0.016,16/10/2023 3:54:56 a.m.,638330252960000000
World,388932.419508979,805058.125424554,17.674708614747,0.012,0.017,16/10/2023 3:54:57 a.m.,638330252970000000
World,388932.405672131,805058.132179133,17.6660174521955,0.012,0.017,16/10/2023 3:54:58 a.m.,638330252980000000
World,388932.39112544,805058.134705418,17.6655072450118,0.013,0.018,16/10/2023 3:54:59 a.m.,638330252990000000
World,388932.388374976,805058.126331191,17.6601850065505,0.013,0.019,16/10/2023 3:55:00 a.m.,638330253000000000
World,388932.396724128,805058.124341089,17.6650441002199,0.013,0.019,16/10/2023 3:55:01 a.m.,638330253010000000
World,388932.39726004,805058.125927715,17.6649706461117,0.014,0.02,16/10/2023 3:55:02 a.m.,638330253020000000
World,388932.393905847,805058.13049577,17.6647022200329,0.014,0.021,16/10/2023 3:55:03 a.m.,638330253030000000
World,388932.101019804,805056.962291994,19.7271954732337,0.706,1.263,16/10/2023 3:55:04 a.m.,638330253040000000
World,388932.109127187,805056.965094526,19.7314364094041,0.705,1.26,16/10/2023 3:55:05 a.m.,638330253050000000
World,388932.105647192,805056.966162286,19.742726639334,0.704,1.258,16/10/2023 3:55:06 a.m.,638330253060000000
World,388932.115542372,805056.958029816,19.7493943126362,0.703,1.256,16/10/2023 3:55:07 a.m.,638330253070000000
World,388932.112512049,805056.961192862,19.7570820849748,0.702,1.255,16/10/2023 3:55:08 a.m.,638330253080000000
World,388932.113848318,805056.958505695,19.7609296344036,0.701,1.254,16/10/2023 3:55:09 a.m.,638330253090000000
World,388932.405109924,805058.124651386,17.6617271906299,0.01,0.01,16/10/2023 3:55:10 a.m.,638330253100000000
World,388932.382564047,805057.110232575,19.8045561504078,0.7,1.251,16/10/2023 3:55:11 a.m.,638330253110000000
World,388933.240042027,805057.654888553,19.8616876492642,0.699,1.249,16/10/2023 3:55:12 a.m.,638330253120000000
World,388934.074542656,805058.503522069,19.8599735479633,0.698,1.248,16/10/2023 3:55:13 a.m.,638330253130000000
World,388934.694733616,805059.566244967,19.9104201640703,0.697,1.246,16/10/2023 3:55:14 a.m.,638330253140000000
World,388935.152120872,805060.647615707,19.9427386883574,0.697,1.246,16/10/2023 3:55:15 a.m.,638330253150000000
World,388935.582010925,805061.84356295,19.9326455428259,0.697,1.246,16/10/2023 3:55:16 a.m.,638330253160000000
World,388935.847363907,805063.074152775,19.904272675391,0.698,1.249,16/10/2023 3:55:17 a.m.,638330253170000000
World,388936.114692387,805064.312692771,19.927952595019,0.7,1.252,16/10/2023 3:55:18 a.m.,638330253180000000
World,388936.628620548,805066.835325618,17.7809336998063,0.013,0.015,16/10/2023 3:55:19 a.m.,638330253190000000
World,388936.786737353,805068.091127377,17.7551777218375,0.019,0.023,16/10/2023 3:55:20 a.m.,638330253200000000
World,388936.985757158,805069.174183605,17.6484835101199,0.025,0.029,16/10/2023 3:55:21 a.m.,638330253210000000
World,388937.091536157,805070.354708678,17.7645430731995,0.03,0.035,16/10/2023 3:55:22 a.m.,638330253220000000
World,388937.258642174,805071.498653007,17.6176004656492,0.039,0.044,16/10/2023 3:55:23 a.m.,638330253230000000
World,388937.253316304,805072.610150866,17.6558570374551,0.045,0.056,16/10/2023 3:55:24 a.m.,638330253240000000
World,388937.232341705,805073.733426596,17.4796564068519,0.051,0.065,16/10/2023 3:55:25 a.m.,638330253250000000
World,388937.248533797,805074.703895588,17.7280273074521,0.058,0.086,16/10/2023 3:55:26 a.m.,638330253260000000
World,388937.213007751,805075.182453526,17.5667850635283,0.047,0.069,16/10/2023 3:55:27 a.m.,638330253270000000
World,388937.178010417,805075.407708785,17.4570688023658,0.037,0.061,16/10/2023 3:55:28 a.m.,638330253280000000
World,388937.181669348,805075.399269646,17.4577636157652,0.04,0.066,16/10/2023 3:55:29 a.m.,638330253290000000
World,388937.134195171,805075.4416958,17.4868068970611,0.042,0.068,16/10/2023 3:55:30 a.m.,638330253300000000
World,388937.156108784,805075.477529873,17.4922466201806,0.043,0.072,16/10/2023 3:55:31 a.m.,638330253310000000
World,388937.131713956,805075.47917727,17.4543950029021,0.045,0.073,16/10/2023 3:55:32 a.m.,638330253320000000
World,388937.132319986,805075.478317494,17.4990678617327,0.046,0.075,16/10/2023 3:55:33 a.m.,638330253330000000
World,388936.987054704,805074.197327571,19.8637354401675,0.744,1.387,16/10/2023 3:55:34 a.m.,638330253340000000
World,388936.982106629,805074.198262241,19.8841781043872,0.745,1.39,16/10/2023 3:55:35 a.m.,638330253350000000
World,388936.984587179,805074.196662386,19.9055701046559,0.738,1.394,16/10/2023 3:55:36 a.m.,638330253360000000
World,388936.977014436,805074.196873679,19.9277238482121,0.74,1.398,16/10/2023 3:55:37 a.m.,638330253370000000
World,388936.973132462,805074.202020819,19.9459196111304,0.743,1.404,16/10/2023 3:55:38 a.m.,638330253380000000
World,388936.964797398,805074.206702987,19.9814878736757,0.747,1.411,16/10/2023 3:55:39 a.m.,638330253390000000
World,388936.963346084,805074.20633513,19.9782002699075,0.749,1.414,16/10/2023 3:55:40 a.m.,638330253400000000
World,388936.96668156,805074.20826697,19.9700662256645,0.751,1.418,16/10/2023 3:55:41 a.m.,638330253410000000
World,388937.20985114,805075.713811249,17.574549594614,0.02,0.037,16/10/2023 3:55:42 a.m.,638330253420000000
World,388937.297832926,805075.989007978,17.6254502013318,0.025,0.043,16/10/2023 3:55:43 a.m.,638330253430000000
World,388937.304180274,805075.066775315,19.9931051259581,0.749,1.447,16/10/2023 3:55:44 a.m.,638330253440000000
World,388938.014981285,805075.769982012,20.0737510125014,0.757,1.462,16/10/2023 3:55:45 a.m.,638330253450000000
World,388938.806309076,805076.282047409,20.032842340254,0.766,1.478,16/10/2023 3:55:46 a.m.,638330253460000000
World,388939.793730244,805076.875467694,20.0153539456654,0.775,1.493,16/10/2023 3:55:47 a.m.,638330253470000000
World,388942.290196406,805080.708969797,17.986484891789,1.732,3.217,16/10/2023 3:55:48 a.m.,638330253480000000
World,388943.492177324,805081.252230153,17.9911861514628,1.734,3.22,16/10/2023 3:55:49 a.m.,638330253490000000
World,388943.272889982,805078.291974907,19.9990661187366,0.789,1.54,16/10/2023 3:55:50 a.m.,638330253500000000
World,388944.407603031,805078.657101608,19.9291044997464,0.799,1.559,16/10/2023 3:55:51 a.m.,638330253510000000
World,388946.025829876,805080.338527732,17.6666135882932,2.136,1.523,16/10/2023 3:55:52 a.m.,638330253520000000
World,388947.123989064,805080.697108999,17.795803415473,2.143,1.549,16/10/2023 3:55:53 a.m.,638330253530000000
World,388948.665658693,805081.816755829,17.834005706151,1.946,2.197,16/10/2023 3:55:54 a.m.,638330253540000000
World,388949.687561574,805082.258182465,18.0567337984769,1.949,2.201,16/10/2023 3:55:55 a.m.,638330253550000000
World,388950.54409236,805082.030605113,17.6850260918828,0.146,0.262,16/10/2023 3:55:56 a.m.,638330253560000000
World,388951.675412372,805082.396842918,17.9085821113028,0.149,0.269,16/10/2023 3:55:57 a.m.,638330253570000000
World,388952.724245628,805082.703900931,17.719758246871,0.078,0.147,16/10/2023 3:55:58 a.m.,638330253580000000
World,388953.544700131,805082.876830386,17.6784862621211,0.077,0.149,16/10/2023 3:55:59 a.m.,638330253590000000
World,388954.11853651,805082.962876488,17.6701906724087,0.074,0.147,16/10/2023 3:56:00 a.m.,638330253600000000
World,388954.447789154,805082.885873013,17.581055295002,0.07,0.145,16/10/2023 3:56:01 a.m.,638330253610000000
World,388954.757578552,805082.86744366,17.6586731135033,0.073,0.149,16/10/2023 3:56:02 a.m.,638330253620000000
World,388955.151598361,805082.603175604,17.633387194376,0.096,0.172,16/10/2023 3:56:03 a.m.,638330253630000000
World,388955.426357182,805082.47256968,17.6140888335752,0.101,0.18,16/10/2023 3:56:04 a.m.,638330253640000000
World,388955.525485197,805082.375575337,17.5549776843948,0.101,0.179,16/10/2023 3:56:05 a.m.,638330253650000000
World,388955.58577305,805082.366549962,17.544071121154,0.102,0.179,16/10/2023 3:56:06 a.m.,638330253660000000
World,388955.632987837,805082.376926978,17.5443111068757,0.103,0.18,16/10/2023 3:56:07 a.m.,638330253670000000
World,388955.660684443,805082.406277743,17.5262268783328,0.103,0.18,16/10/2023 3:56:08 a.m.,638330253680000000
World,388955.656195225,805082.415575259,17.5287591000744,0.104,0.181,16/10/2023 3:56:09 a.m.,638330253690000000
World,388955.637781245,805082.403996676,17.5634937367247,0.104,0.182,16/10/2023 3:56:10 a.m.,638330253700000000
World,388955.662160204,805082.405624465,17.5574710054356,0.104,0.182,16/10/2023 3:56:11 a.m.,638330253710000000
World,388955.665376522,805082.407316883,17.5611330900834,0.105,0.183,16/10/2023 3:56:12 a.m.,638330253720000000
World,388955.659832683,805082.417066906,17.5702397295006,0.105,0.183,16/10/2023 3:56:13 a.m.,638330253730000000
World,388955.659914971,805082.423830175,17.5690816089396,0.105,0.184,16/10/2023 3:56:14 a.m.,638330253740000000
World,388955.663082991,805082.422150306,17.5678893098749,0.105,0.184,16/10/2023 3:56:15 a.m.,638330253750000000
World,388955.937119505,805082.60898578,17.6009815890423,0.113,0.192,16/10/2023 3:56:16 a.m.,638330253760000000
World,388956.591478275,805083.277946508,17.6004084706785,0.134,0.215,16/10/2023 3:56:17 a.m.,638330253770000000
World,388957.43651053,805084.025711183,17.5488753290576,0.114,0.247,16/10/2023 3:56:18 a.m.,638330253780000000
World,388957.926476245,805085.047147848,17.5334710559995,0.113,0.245,16/10/2023 3:56:19 a.m.,638330253790000000
World,388958.175909568,805086.133461041,17.5884834512383,0.117,0.25,16/10/2023 3:56:20 a.m.,638330253800000000
World,388958.010265661,805087.470535045,17.6248503088947,0.114,0.243,16/10/2023 3:56:21 a.m.,638330253810000000
World,388957.690186993,805088.780752631,17.5165237003035,0.116,0.244,16/10/2023 3:56:22 a.m.,638330253820000000
World,388957.374052972,805090.109871275,17.5918115167234,0.129,0.256,16/10/2023 3:56:23 a.m.,638330253830000000
World,388957.084469856,805091.37509088,17.6008395875872,0.152,0.282,16/10/2023 3:56:24 a.m.,638330253840000000
World,388956.89944991,805092.733281619,17.5574148529537,0.173,0.303,16/10/2023 3:56:25 a.m.,638330253850000000
World,388956.638185201,805093.957213164,17.3908629839494,0.194,0.326,16/10/2023 3:56:26 a.m.,638330253860000000
World,388956.517148169,805095.240683178,17.3514502043711,0.223,0.359,16/10/2023 3:56:27 a.m.,638330253870000000
World,388956.420436927,805096.610363348,17.3527668860026,0.26,0.395,16/10/2023 3:56:28 a.m.,638330253880000000
World,388956.310134923,805097.858443195,17.3393884163691,0.29,0.427,16/10/2023 3:56:29 a.m.,638330253890000000
World,388956.196767989,805099.066377322,17.2731804724639,0.319,0.456,16/10/2023 3:56:30 a.m.,638330253900000000
World,388956.109780418,805100.340429065,17.1149341805751,0.345,0.484,16/10/2023 3:56:31 a.m.,638330253910000000
World,388956.025495746,805101.500184159,17.2952630552613,0.378,0.521,16/10/2023 3:56:32 a.m.,638330253920000000
World,388955.982629003,805102.778027144,17.3972736756086,0.401,0.542,16/10/2023 3:56:33 a.m.,638330253930000000
World,388955.776767121,805104.061141585,17.3760699654815,0.413,0.558,16/10/2023 3:56:34 a.m.,638330253940000000
World,388955.640407305,805105.387918175,17.3519126733789,0.419,0.567,16/10/2023 3:56:35 a.m.,638330253950000000
World,388955.497519511,805106.707918526,17.3300724987541,0.419,0.567,16/10/2023 3:56:36 a.m.,638330253960000000
World,388955.3239069,805108.008880136,17.3551709359493,0.422,0.57,16/10/2023 3:56:37 a.m.,638330253970000000
World,388954.705777867,805107.96066688,19.8621324678435,1.185,1.955,16/10/2023 3:56:38 a.m.,638330253980000000
World,388954.500753492,805109.152284642,19.8121589252533,1.174,1.937,16/10/2023 3:56:39 a.m.,638330253990000000
World,388954.305482975,805110.33930552,19.8036366943368,1.163,1.919,16/10/2023 3:56:40 a.m.,638330254000000000
World,388954.130258309,805111.511672952,19.7615181177243,1.165,1.903,16/10/2023 3:56:41 a.m.,638330254010000000
World,388954.071179632,805112.69039155,19.7711695566806,1.155,1.887,16/10/2023 3:56:42 a.m.,638330254020000000
World,388954.100408599,805113.777200142,19.745512116986,1.143,1.867,16/10/2023 3:56:43 a.m.,638330254030000000
World,388953.987292586,805114.522045286,19.7160835697464,1.131,1.848,16/10/2023 3:56:44 a.m.,638330254040000000
World,388953.855996128,805114.920178351,19.6246910053065,1.12,1.831,16/10/2023 3:56:45 a.m.,638330254050000000
World,388953.829414845,805114.962001876,19.5935507164938,1.109,1.812,16/10/2023 3:56:46 a.m.,638330254060000000
World,388953.824073171,805114.974294921,19.6024296141335,1.097,1.793,16/10/2023 3:56:47 a.m.,638330254070000000
World,388953.832966044,805114.972402671,19.6204547632188,1.098,1.773,16/10/2023 3:56:48 a.m.,638330254080000000
World,388953.812622966,805114.985452412,19.6170917830727,1.088,1.758,16/10/2023 3:56:49 a.m.,638330254090000000
World,388953.849311621,805115.010687793,19.6009037736999,1.079,1.743,16/10/2023 3:56:50 a.m.,638330254100000000
World,388953.827446624,805115.02062231,19.6035557216458,1.072,1.731,16/10/2023 3:56:51 a.m.,638330254110000000
World,388953.816541971,805115.032375245,19.6213110722656,1.064,1.719,16/10/2023 3:56:52 a.m.,638330254120000000
World,388954.94836436,805116.119338944,19.7040823768847,1.029,0.893,16/10/2023 3:56:53 a.m.,638330254130000000
World,388954.959988343,805116.13127084,19.6814886853914,1.029,0.893,16/10/2023 3:56:54 a.m.,638330254140000000
World,388954.24808707,805116.835364854,17.4566943842866,0.018,0.021,16/10/2023 3:56:55 a.m.,638330254150000000
World,388954.246560382,805116.826469685,17.4573537832794,0.018,0.022,16/10/2023 3:56:56 a.m.,638330254160000000
World,388954.248259584,805116.835077102,17.4427467195294,0.02,0.024,16/10/2023 3:56:57 a.m.,638330254170000000
World,388954.24947178,805116.830242239,17.4579794317782,0.02,0.025,16/10/2023 3:56:58 a.m.,638330254180000000
World,388954.20990796,805117.002267792,17.5805452848904,0.016,0.024,16/10/2023 3:56:59 a.m.,638330254190000000
World,388954.366407708,805117.612519418,17.6211111264945,0.019,0.028,16/10/2023 3:57:00 a.m.,638330254200000000
World,388954.839491775,805118.292629857,17.6124096801305,0.019,0.027,16/10/2023 3:57:01 a.m.,638330254210000000
World,388955.586238965,805118.78941399,17.6540658005399,0.021,0.029,16/10/2023 3:57:02 a.m.,638330254220000000
World,388956.576369689,805118.843820344,17.5531184292162,0.022,0.03,16/10/2023 3:57:03 a.m.,638330254230000000
World,388957.702802612,805118.640068887,17.5452378972587,0.034,0.043,16/10/2023 3:57:04 a.m.,638330254240000000
World,388958.668633299,805118.089270364,17.6430869694583,0.037,0.045,16/10/2023 3:57:05 a.m.,638330254250000000
World,388959.442211553,805117.296747668,17.5751954031293,0.033,0.043,16/10/2023 3:57:06 a.m.,638330254260000000
World,388960.078343737,805116.391171236,17.6382606786409,0.045,0.054,16/10/2023 3:57:07 a.m.,638330254270000000
World,388960.471421999,805115.136556632,17.6412227952468,0.036,0.043,16/10/2023 3:57:08 a.m.,638330254280000000
World,388960.653308029,805113.799323361,17.5066745006289,0.033,0.039,16/10/2023 3:57:09 a.m.,638330254290000000
World,388960.729561687,805112.468661719,17.5503616160884,0.035,0.04,16/10/2023 3:57:10 a.m.,638330254300000000
World,388960.752561972,805111.181758562,17.4642528513385,0.041,0.03,16/10/2023 3:57:11 a.m.,638330254310000000
World,388960.780057439,805109.941488838,17.4839571259281,0.043,0.032,16/10/2023 3:57:12 a.m.,638330254320000000
World,388960.739342339,805108.69845468,17.5281602186403,0.05,0.029,16/10/2023 3:57:13 a.m.,638330254330000000
World,388960.713081653,805107.406555464,17.508152126493,0.051,0.03,16/10/2023 3:57:14 a.m.,638330254340000000
World,388960.724418275,805106.261755362,17.5882693458368,0.029,0.026,16/10/2023 3:57:15 a.m.,638330254350000000
World,388960.755125746,805104.989604678,17.5305890101817,0.031,0.027,16/10/2023 3:57:16 a.m.,638330254360000000
World,388960.90551952,805103.825957091,17.5514441498203,0.022,0.023,16/10/2023 3:57:17 a.m.,638330254370000000
World,388961.007656254,805102.563159168,17.5400602689087,0.024,0.025,16/10/2023 3:57:18 a.m.,638330254380000000
World,388960.93671343,805101.252386025,17.5246588324066,0.022,0.023,16/10/2023 3:57:19 a.m.,638330254390000000
World,388960.852441338,805100.058427287,17.5423342641093,0.026,0.028,16/10/2023 3:57:20 a.m.,638330254400000000
World,388960.818630852,805098.882779856,17.5038531654999,0.036,0.038,16/10/2023 3:57:21 a.m.,638330254410000000
World,388960.673450736,805097.572719975,17.5185074848492,0.041,0.044,16/10/2023 3:57:22 a.m.,638330254420000000
World,388960.661261805,805096.396572469,17.5291063182658,0.038,0.042,16/10/2023 3:57:23 a.m.,638330254430000000
World,388960.612645988,805095.120302329,17.4830529062615,0.052,0.056,16/10/2023 3:57:24 a.m.,638330254440000000
World,388960.785282471,805093.864833446,17.5570630001472,0.076,0.069,16/10/2023 3:57:25 a.m.,638330254450000000
World,388960.765585564,805092.605505653,17.4768202473317,0.065,0.066,16/10/2023 3:57:26 a.m.,638330254460000000
World,388960.906072823,805091.347566264,17.442033776645,0.048,0.051,16/10/2023 3:57:27 a.m.,638330254470000000
World,388960.986285497,805090.088670663,17.423328851681,0.049,0.05,16/10/2023 3:57:28 a.m.,638330254480000000
World,388961.118693865,805088.829376363,17.4431610705245,0.052,0.055,16/10/2023 3:57:29 a.m.,638330254490000000
World,388961.210976682,805087.580774943,17.4370084636478,0.053,0.055,16/10/2023 3:57:30 a.m.,638330254500000000
World,388961.409702017,805086.312407907,17.4393424374044,0.055,0.057,16/10/2023 3:57:31 a.m.,638330254510000000
World,388961.590172038,805085.019477851,17.4752330085115,0.059,0.064,16/10/2023 3:57:32 a.m.,638330254520000000
World,388961.829308842,805083.75526597,17.4584994784693,0.071,0.079,16/10/2023 3:57:33 a.m.,638330254530000000
World,388962.155102567,805082.536921333,17.3759282570046,0.071,0.083,16/10/2023 3:57:34 a.m.,638330254540000000
World,388962.506236951,805081.395358081,17.2520223840379,0.084,0.096,16/10/2023 3:57:35 a.m.,638330254550000000
World,388963.01587513,805080.255275924,17.4509183839411,0.082,0.097,16/10/2023 3:57:36 a.m.,638330254560000000
World,388963.575885098,805079.398149483,17.420667270355,0.108,0.125,16/10/2023 3:57:37 a.m.,638330254570000000
World,388964.044199831,805078.620554687,17.5382654531509,0.139,0.159,16/10/2023 3:57:38 a.m.,638330254580000000
World,388964.758047926,805077.59588637,17.5934771529998,0.114,0.187,16/10/2023 3:57:39 a.m.,638330254590000000
World,388964.875468988,805076.691557481,17.1990531364941,0.112,0.176,16/10/2023 3:57:40 a.m.,638330254600000000
World,388965.283266923,805076.092123362,17.1148997017237,0.114,0.182,16/10/2023 3:57:41 a.m.,638330254610000000
World,388965.441167103,805075.736721854,16.9469637713493,0.105,0.176,16/10/2023 3:57:42 a.m.,638330254620000000
World,388965.54725964,805075.668481193,16.9958962144713,0.104,0.175,16/10/2023 3:57:43 a.m.,638330254630000000
World,388965.55782667,805075.642996608,16.9841609967572,0.106,0.179,16/10/2023 3:57:44 a.m.,638330254640000000
World,388965.546629028,805075.64520557,17.0045036135218,0.11,0.186,16/10/2023 3:57:45 a.m.,638330254650000000
World,388965.543527537,805075.644273152,17.0013506415184,0.113,0.189,16/10/2023 3:57:46 a.m.,638330254660000000
World,388965.553894664,805075.625987611,16.9925451343354,0.115,0.192,16/10/2023 3:57:47 a.m.,638330254670000000
World,388965.564946724,805075.619308647,16.9994337423448,0.114,0.192,16/10/2023 3:57:48 a.m.,638330254680000000
World,388965.563518982,805075.623028362,17.0075593009549,0.114,0.192,16/10/2023 3:57:49 a.m.,638330254690000000
World,388965.561037967,805075.623108033,17.0143245218109,0.114,0.192,16/10/2023 3:57:50 a.m.,638330254700000000
World,388965.566222524,805075.612016463,17.0197740447782,0.114,0.192,16/10/2023 3:57:51 a.m.,638330254710000000
World,388965.566314031,805075.61614259,17.0190346896902,0.116,0.193,16/10/2023 3:57:52 a.m.,638330254720000000
World,388965.557623484,805075.623223995,17.0132911921782,0.116,0.193,16/10/2023 3:57:53 a.m.,638330254730000000
World,388965.561663132,805075.614198689,17.0132234892364,0.116,0.194,16/10/2023 3:57:54 a.m.,638330254740000000
World,388965.61629054,805075.450954379,17.0187540993019,0.116,0.194,16/10/2023 3:57:55 a.m.,638330254750000000
World,388965.906374496,805074.870126556,17.0654236521543,0.134,0.21,16/10/2023 3:57:56 a.m.,638330254760000000
World,388966.458988144,805074.061667488,17.1926436211845,0.156,0.235,16/10/2023 3:57:57 a.m.,638330254770000000
World,388967.208811112,805073.387267782,17.3412532765408,0.177,0.257,16/10/2023 3:57:58 a.m.,638330254780000000
World,388968.128657674,805073.071407902,17.3011316027717,0.194,0.276,16/10/2023 3:57:59 a.m.,638330254790000000
World,388968.968348615,805072.946904105,17.3306791046727,0.214,0.298,16/10/2023 3:58:00 a.m.,638330254800000000
World,388969.886785886,805072.827143741,17.2948266091323,0.235,0.319,16/10/2023 3:58:01 a.m.,638330254810000000
World,388970.848292846,805072.717110879,17.3174707981439,0.262,0.345,16/10/2023 3:58:02 a.m.,638330254820000000
World,388971.686739333,805072.569663542,17.3124302080461,0.287,0.375,16/10/2023 3:58:03 a.m.,638330254830000000
World,388972.272173117,805072.414959795,17.3094820423166,0.299,0.387,16/10/2023 3:58:04 a.m.,638330254840000000
World,388972.400515903,805072.080106061,17.2623569028015,0.299,0.387,16/10/2023 3:58:05 a.m.,638330254850000000
World,388972.420058124,805072.040476778,17.2734643528673,0.299,0.387,16/10/2023 3:58:06 a.m.,638330254860000000
World,388972.426446615,805072.04391304,17.2685045893958,0.3,0.387,16/10/2023 3:58:07 a.m.,638330254870000000
World,388972.416918462,805072.05577022,17.2654647768708,0.3,0.387,16/10/2023 3:58:08 a.m.,638330254880000000
World,388972.415635375,805072.061019163,17.254441942077,0.3,0.388,16/10/2023 3:58:09 a.m.,638330254890000000
World,388972.412019914,805072.06898652,17.2557182870945,0.3,0.388,16/10/2023 3:58:10 a.m.,638330254900000000
World,388972.438038798,805072.062268405,17.2545563657598,0.301,0.389,16/10/2023 3:58:11 a.m.,638330254910000000
World,388972.454240019,805072.055482675,17.2412924506531,0.301,0.389,16/10/2023 3:58:12 a.m.,638330254920000000
World,388972.455878673,805072.055758146,17.2380957476283,0.301,0.39,16/10/2023 3:58:13 a.m.,638330254930000000
World,388972.458170378,805072.056426503,17.2403916823713,0.301,0.39,16/10/2023 3:58:14 a.m.,638330254940000000
World,388972.457382477,805072.055025469,17.2461766990322,0.302,0.391,16/10/2023 3:58:15 a.m.,638330254950000000
World,388972.456015375,805072.05158184,17.2402334613665,0.302,0.391,16/10/2023 3:58:16 a.m.,638330254960000000
World,388972.45566736,805072.047955681,17.2452733078575,0.303,0.391,16/10/2023 3:58:17 a.m.,638330254970000000
World,388972.816514084,805072.154690642,17.2450345043506,0.316,0.406,16/10/2023 3:58:18 a.m.,638330254980000000
World,388973.704765489,805072.294305789,17.2716565179425,0.344,0.432,16/10/2023 3:58:19 a.m.,638330254990000000
World,388974.703729536,805072.366594573,17.4552891547171,0.368,0.462,16/10/2023 3:58:20 a.m.,638330255000000000
World,388975.853494102,805072.134414834,17.2892914759832,0.401,0.49,16/10/2023 3:58:21 a.m.,638330255010000000
World,388976.893811624,805071.73889932,17.1425112682387,0.42,0.514,16/10/2023 3:58:22 a.m.,638330255020000000
World,388977.777957921,805071.014774797,17.1173697588549,0.449,0.544,16/10/2023 3:58:23 a.m.,638330255030000000
World,388978.391960684,805070.122455391,16.8701544052939,0.462,0.56,16/10/2023 3:58:24 a.m.,638330255040000000
World,388978.799025595,805069.218485572,16.887993301211,0.489,0.587,16/10/2023 3:58:25 a.m.,638330255050000000
World,388979.360397255,805067.777726462,19.7414709981654,1.276,2.101,16/10/2023 3:58:26 a.m.,638330255060000000
World,388979.661111836,805067.303064602,19.7462497827815,1.28,2.127,16/10/2023 3:58:27 a.m.,638330255070000000
World,388979.864601898,805067.147204734,19.7399874759989,1.277,2.122,16/10/2023 3:58:28 a.m.,638330255080000000
World,388979.955191689,805067.117185939,19.7567290951574,1.271,2.111,16/10/2023 3:58:29 a.m.,638330255090000000
World,388979.997940744,805067.098387643,19.7988580105509,1.267,2.105,16/10/2023 3:58:30 a.m.,638330255100000000
World,388980.036599501,805067.070692738,19.8358431234198,1.247,2.097,16/10/2023 3:58:31 a.m.,638330255110000000
World,388980.07506526,805067.066593393,19.862671853233,1.244,2.091,16/10/2023 3:58:32 a.m.,638330255120000000
World,388980.108139298,805067.058106699,19.8513632353765,1.24,2.084,16/10/2023 3:58:33 a.m.,638330255130000000
World,388980.147353283,805067.042460544,19.8402045397576,1.25,2.077,16/10/2023 3:58:34 a.m.,638330255140000000
World,388980.188141532,805067.029478087,19.8240073464816,1.246,2.07,16/10/2023 3:58:35 a.m.,638330255150000000
World,388980.225912673,805066.988519159,19.8104597211215,1.242,2.063,16/10/2023 3:58:36 a.m.,638330255160000000
World,388980.290117588,805066.955476525,19.8004052938863,1.239,2.057,16/10/2023 3:58:37 a.m.,638330255170000000
World,388980.347896085,805066.915279912,19.7866091011305,1.236,2.053,16/10/2023 3:58:38 a.m.,638330255180000000
World,388980.396429236,805066.870143009,19.7670504510331,1.219,2.044,16/10/2023 3:58:39 a.m.,638330255190000000
World,388980.584031015,805066.604000908,19.791390769098,1.215,2.037,16/10/2023 3:58:40 a.m.,638330255200000000
World,388981.018631432,805065.658844309,19.9536782699916,1.226,2.037,16/10/2023 3:58:41 a.m.,638330255210000000
World,388981.364915717,805064.723978454,19.8411368734885,1.228,2.021,16/10/2023 3:58:42 a.m.,638330255220000000
World,388981.512137762,805063.625762009,19.8272062228995,1.232,2.022,16/10/2023 3:58:43 a.m.,638330255230000000
World,388981.582835828,805062.330878814,19.898395231863,1.25,2.027,16/10/2023 3:58:44 a.m.,638330255240000000
World,388981.571532812,805061.151671136,19.9223263052203,1.267,2.012,16/10/2023 3:58:45 a.m.,638330255250000000
World,388986.641165702,805023.266057343,21.7243581368508,0.675,1.076,16/10/2023 3:59:32 a.m.,638330255720000000
World,388986.90525974,805023.323496654,21.7299024986682,0.675,1.076,16/10/2023 3:59:33 a.m.,638330255730000000
World,388987.026733241,805023.066843812,21.7412630196751,0.675,1.076,16/10/2023 3:59:34 a.m.,638330255740000000
World,388987.33175864,805022.712186896,21.778236961973,0.675,1.076,16/10/2023 3:59:35 a.m.,638330255750000000
World,388987.511419086,805022.248729566,21.7580024335048,0.675,1.076,16/10/2023 3:59:36 a.m.,638330255760000000
World,388987.772494633,805022.053732152,21.7423987909003,0.675,1.076,16/10/2023 3:59:37 a.m.,638330255770000000
World,388987.667372965,805022.024113787,21.7565610198132,0.675,1.076,16/10/2023 3:59:38 a.m.,638330255780000000
World,388987.159377704,805022.02825617,21.6796390410282,0.671,1.069,16/10/2023 3:59:39 a.m.,638330255790000000
World,388986.381272376,805022.28091002,21.7250071957614,0.666,1.071,16/10/2023 3:59:40 a.m.,638330255800000000
World,388985.693652847,805022.45532725,21.6234577741873,0.662,1.064,16/10/2023 3:59:41 a.m.,638330255810000000
World,388985.013720428,805022.591299129,21.5676674136866,0.657,1.057,16/10/2023 3:59:42 a.m.,638330255820000000
World,388984.432898182,805022.58588122,21.6041930459109,0.651,1.047,16/10/2023 3:59:43 a.m.,638330255830000000
World,388984.011240784,805022.393658769,21.5235942106364,0.637,1.038,16/10/2023 3:59:44 a.m.,638330255840000000
World,388983.714762681,805022.003167328,21.5419033268993,0.631,1.029,16/10/2023 3:59:45 a.m.,638330255850000000
World,388983.332229308,805021.728654268,21.4857004592586,0.626,1.02,16/10/2023 3:59:46 a.m.,638330255860000000
World,388983.220259832,805021.765311684,21.3771308881888,0.628,1.023,16/10/2023 3:59:47 a.m.,638330255870000000
World,388983.181266959,805021.916232654,21.3104155974448,0.879,1.432,16/10/2023 3:59:48 a.m.,638330255880000000
World,388982.849175101,805022.187792334,21.2381710684506,0.917,1.494,16/10/2023 3:59:49 a.m.,638330255890000000
World,388982.543202641,805022.061625224,21.1551644808962,0.938,1.529,16/10/2023 3:59:50 a.m.,638330255900000000
World,388982.374537983,805021.180195196,21.1219477712451,0.936,1.545,16/10/2023 3:59:51 a.m.,638330255910000000
World,388982.33356338,805020.318564143,20.9294967453936,0.946,1.561,16/10/2023 3:59:52 a.m.,638330255920000000
World,388982.28134246,805019.830954656,20.8047079862467,0.951,1.569,16/10/2023 3:59:53 a.m.,638330255930000000
World,388982.333632897,805019.641802351,20.6320267707861,0.952,1.586,16/10/2023 3:59:54 a.m.,638330255940000000
World,388982.348805119,805019.598470552,20.4611436810868,0.955,1.592,16/10/2023 3:59:55 a.m.,638330255950000000
World,388982.410459679,805019.531624777,20.334679131722,0.942,1.576,16/10/2023 3:59:56 a.m.,638330255960000000
World,388982.467074696,805019.754829215,20.2981256006521,0.93,1.555,16/10/2023 3:59:57 a.m.,638330255970000000
World,388982.959329461,805020.430550233,20.324682014943,0.93,1.555,16/10/2023 3:59:58 a.m.,638330255980000000
World,388984.104422044,805021.341163294,17.3877626455854,0.021,0.079,16/10/2023 3:59:59 a.m.,638330255990000000
World,388984.088959606,805021.902029951,20.1527120202688,0.867,1.758,16/10/2023 4:00:00 a.m.,638330256000000000
World,388984.41812082,805022.844551355,20.1404810871669,0.866,1.756,16/10/2023 4:00:01 a.m.,638330256010000000
World,388984.775019673,805023.770816396,20.151016092129,0.866,1.755,16/10/2023 4:00:02 a.m.,638330256020000000
World,388985.060147103,805024.698260245,20.1424487476356,0.865,1.753,16/10/2023 4:00:03 a.m.,638330256030000000
World,388985.325936334,805025.603555966,20.1686739326269,0.851,1.748,16/10/2023 4:00:04 a.m.,638330256040000000
World,388985.541263309,805026.521545876,20.1183470126175,0.861,1.745,16/10/2023 4:00:05 a.m.,638330256050000000
World,388985.638653253,805027.357263189,20.1247849537581,0.859,1.741,16/10/2023 4:00:06 a.m.,638330256060000000
World,388985.321714529,805028.154990931,20.1738351843984,0.858,1.738,16/10/2023 4:00:07 a.m.,638330256070000000
World,388985.545624624,805029.477493028,17.3957747004395,0.023,0.089,16/10/2023 4:00:08 a.m.,638330256080000000
World,388985.295605999,805030.12911369,17.3904184401175,0.025,0.089,16/10/2023 4:00:09 a.m.,638330256090000000
World,388985.058994096,805030.479276927,17.3924350955306,0.026,0.09,16/10/2023 4:00:10 a.m.,638330256100000000
World,388985.012875285,805029.859742315,17.4052070958598,0.019,0.041,16/10/2023 4:00:11 a.m.,638330256110000000
World,388985.215178866,805028.967819958,17.3884701949633,0.02,0.042,16/10/2023 4:00:12 a.m.,638330256120000000
World,388985.310029088,805028.560447996,17.3970528302944,0.02,0.038,16/10/2023 4:00:13 a.m.,638330256130000000
World,388985.404090931,805027.808996012,17.3567221334699,0.022,0.039,16/10/2023 4:00:14 a.m.,638330256140000000
World,388985.46301406,805027.05700316,17.4340378939601,0.019,0.03,16/10/2023 4:00:15 a.m.,638330256150000000
World,388985.823896716,805026.637210588,17.4526085559444,0.019,0.03,16/10/2023 4:00:16 a.m.,638330256160000000
World,388986.30931916,805026.366630743,17.4444789129747,0.021,0.032,16/10/2023 4:00:17 a.m.,638330256170000000
World,388986.997724345,805026.288931784,17.3785261379546,0.02,0.037,16/10/2023 4:00:18 a.m.,638330256180000000
World,388987.586618839,805026.236407241,17.3009109282111,0.017,0.034,16/10/2023 4:00:19 a.m.,638330256190000000
World,388987.697319945,805026.198320159,17.2679057838855,0.018,0.034,16/10/2023 4:00:20 a.m.,638330256200000000
World,388987.687677909,805026.181997664,17.2781833226964,0.016,0.033,16/10/2023 4:00:21 a.m.,638330256210000000
World,388987.68448963,805026.168376981,17.2709708666111,0.017,0.035,16/10/2023 4:00:22 a.m.,638330256220000000
World,388987.707368401,805026.146305285,17.2871912184585,0.016,0.036,16/10/2023 4:00:23 a.m.,638330256230000000
World,388987.709981786,805026.155273906,17.2851555838633,0.017,0.037,16/10/2023 4:00:24 a.m.,638330256240000000
World,388987.692019042,805026.159137216,17.296363712595,0.013,0.027,16/10/2023 4:00:25 a.m.,638330256250000000
World,388987.692946088,805026.161655665,17.2942217457653,0.014,0.028,16/10/2023 4:00:26 a.m.,638330256260000000
World,388987.681840665,805026.155879102,17.285550568762,0.015,0.028,16/10/2023 4:00:27 a.m.,638330256270000000
World,388987.690041658,805026.140623861,17.2937268162496,0.014,0.028,16/10/2023 4:00:28 a.m.,638330256280000000
World,388987.681109754,805026.133562355,17.2761520117453,0.013,0.026,16/10/2023 4:00:29 a.m.,638330256290000000
World,388987.625791084,805025.54744689,17.3526960983056,0.014,0.027,16/10/2023 4:00:30 a.m.,638330256300000000
World,388987.515693188,805024.373119242,17.3947125693986,0.014,0.027,16/10/2023 4:00:31 a.m.,638330256310000000
World,388987.244317268,805023.098526532,17.3670802169433,0.014,0.027,16/10/2023 4:00:32 a.m.,638330256320000000
World,388986.87556592,805022.000944607,17.4152440945237,0.016,0.029,16/10/2023 4:00:33 a.m.,638330256330000000
World,388986.71113976,805021.238065213,17.4362042432434,0.016,0.036,16/10/2023 4:00:34 a.m.,638330256340000000
World,388986.422033233,805020.38134092,17.4553165729148,0.016,0.034,16/10/2023 4:00:35 a.m.,638330256350000000
World,388985.984504164,805019.523766832,17.4708880024351,0.018,0.036,16/10/2023 4:00:36 a.m.,638330256360000000
World,388985.647690557,805018.661575779,17.4746060346198,0.019,0.038,16/10/2023 4:00:37 a.m.,638330256370000000
World,388985.316765706,805017.847556781,17.398503634115,0.02,0.039,16/10/2023 4:00:38 a.m.,638330256380000000
World,388985.083279293,805016.934036087,17.4188740121294,0.029,0.063,16/10/2023 4:00:39 a.m.,638330256390000000
World,388984.848802251,805015.948896285,17.3682498555105,0.037,0.071,16/10/2023 4:00:40 a.m.,638330256400000000
World,388984.481595256,805014.847583986,17.3613938000557,0.037,0.071,16/10/2023 4:00:41 a.m.,638330256410000000
World,388984.226993475,805013.704628282,17.3974769463692,0.028,0.058,16/10/2023 4:00:42 a.m.,638330256420000000
World,388983.95914414,805012.629981839,17.3961515857195,0.037,0.066,16/10/2023 4:00:43 a.m.,638330256430000000
World,388984.096622951,805011.551977187,17.3979964594524,0.039,0.068,16/10/2023 4:00:44 a.m.,638330256440000000
World,388984.549967224,805010.482918963,17.2221874968213,0.047,0.071,16/10/2023 4:00:45 a.m.,638330256450000000
World,388984.945993119,805009.43282231,17.3330730958307,0.055,0.08,16/10/2023 4:00:46 a.m.,638330256460000000
World,388985.382092572,805008.452488709,17.4467434484631,0.063,0.083,16/10/2023 4:00:47 a.m.,638330256470000000
World,388985.875327538,805007.440918502,17.5185968491964,0.067,0.087,16/10/2023 4:00:48 a.m.,638330256480000000
World,388986.081511936,805006.385602052,17.702991551415,0.131,0.141,16/10/2023 4:00:49 a.m.,638330256490000000
World,388985.967238777,805005.31737945,17.7386429035384,0.147,0.151,16/10/2023 4:00:50 a.m.,638330256500000000
World,388985.692532681,805004.085142686,17.9849243605631,0.183,0.179,16/10/2023 4:00:51 a.m.,638330256510000000
World,388985.781190655,805003.03967739,17.3153571313319,0.19,0.176,16/10/2023 4:00:52 a.m.,638330256520000000
World,388985.111622648,805001.911443463,17.8045568002035,0.185,0.175,16/10/2023 4:00:53 a.m.,638330256530000000
World,388984.509295147,805000.875424018,17.7518427452236,0.189,0.184,16/10/2023 4:00:54 a.m.,638330256540000000
World,388983.642052678,804999.903305595,17.7984598186877,0.181,0.175,16/10/2023 4:00:55 a.m.,638330256550000000
World,388982.877583123,804999.005321569,17.6938458510977,0.17,0.167,16/10/2023 4:00:56 a.m.,638330256560000000
World,388982.120013458,804998.107192673,17.7075123196592,0.172,0.169,16/10/2023 4:00:57 a.m.,638330256570000000
World,388981.3923221,804997.171705183,17.7253681809171,0.171,0.17,16/10/2023 4:00:58 a.m.,638330256580000000
World,388980.533800862,804996.203905163,17.728904546755,0.171,0.17,16/10/2023 4:00:59 a.m.,638330256590000000
World,388979.954393079,804994.887959027,17.3108070096802,0.032,0.105,16/10/2023 4:01:00 a.m.,638330256600000000
World,388979.30799787,804993.948037059,17.3973049323285,0.026,0.086,16/10/2023 4:01:01 a.m.,638330256610000000
World,388978.627550662,804993.229238266,17.4007987938707,0.026,0.086,16/10/2023 4:01:02 a.m.,638330256620000000
World,388978.059861802,804992.584772584,17.4358551212981,0.022,0.076,16/10/2023 4:01:03 a.m.,638330256630000000
World,388977.119154442,804992.201695992,17.4189539449749,0.023,0.078,16/10/2023 4:01:04 a.m.,638330256640000000
World,388976.084962014,804991.731727254,17.4658180574386,0.019,0.069,16/10/2023 4:01:05 a.m.,638330256650000000
World,388975.140964492,804991.378166531,17.4506557358366,0.02,0.07,16/10/2023 4:01:06 a.m.,638330256660000000
World,388973.973675887,804991.236628131,17.5194562845119,0.02,0.071,16/10/2023 4:01:07 a.m.,638330256670000000
World,388972.79541616,804991.162504553,17.5565802921931,0.016,0.047,16/10/2023 4:01:08 a.m.,638330256680000000
World,388971.677385208,804990.950037512,17.6268772318688,0.015,0.04,16/10/2023 4:01:09 a.m.,638330256690000000
World,388970.656584657,804990.571321456,17.6033813299428,0.015,0.041,16/10/2023 4:01:10 a.m.,638330256700000000
World,388969.911338696,804990.252001854,17.6153374308671,0.014,0.038,16/10/2023 4:01:11 a.m.,638330256710000000
World,388969.256721093,804990.170911777,17.6220194171573,0.015,0.04,16/10/2023 4:01:12 a.m.,638330256720000000
World,388968.825987907,804990.133460474,17.6451963239803,0.016,0.041,16/10/2023 4:01:13 a.m.,638330256730000000
World,388968.767627351,804990.078873203,17.5165961750388,0.014,0.038,16/10/2023 4:01:14 a.m.,638330256740000000
World,388968.765958464,804990.118968058,17.4914320853745,0.013,0.036,16/10/2023 4:01:15 a.m.,638330256750000000
